<?xml version="1.0" encoding="UTF-8"?>
<GeoValidatieElement xmlns="http://www.kadaster.nl/schemas/geovalidaties/validatieelement" xmlns:gml="http://www.opengis.net/gml/3.2">
	<gml:Surface gml:id="VOORBEELD.1" srsName="urn:ogc:def:crs:EPSG::28992">
		<gml:patches>
			<gml:PolygonPatch>
				<gml:exterior>
					<gml:Ring>
						<gml:curveMember>
							<gml:Curve gml:id="VOORBEELD.1_1">
								<gml:segments>
									<gml:LineStringSegment>
										<gml:posList>144629.959 417146.775 144629.608 417146.320 144629.267 417130.385 144629.614 417130.288 144629.681 417130.286 144629.959 417146.775</gml:posList>
									</gml:LineStringSegment>
								</gml:segments>
							</gml:Curve>
						</gml:curveMember>
					</gml:Ring>
				</gml:exterior>
			</gml:PolygonPatch>
		</gml:patches>
	</gml:Surface>
</GeoValidatieElement>